{
  "users": {
    "6285691811105@s.whatsapp.net": {
      "limit": 100,
      "exp": 605,
      "afk": -1,
      "afkReason": ""
    },
    "6285692169659@s.whatsapp.net": {
      "limit": 60,
      "exp": 869,
      "afk": -1,
      "afkReason": ""
    },
    "62895323195263@s.whatsapp.net": {
      "limit": 100,
      "exp": 11019,
      "afk": -1,
      "afkReason": ""
    },
    "186608259178557@lid": {
      "limit": 100,
      "exp": 1186,
      "afk": 1760278767108,
      "afkReason": "turu"
    },
    "119404486459630@lid": {
      "limit": 100,
      "exp": 159,
      "afk": -1,
      "afkReason": ""
    },
    "82545312014546@lid": {
      "limit": 100,
      "exp": 436,
      "afk": -1,
      "afkReason": ""
    },
    "183589081739503@lid": {
      "limit": 100,
      "exp": 265,
      "afk": -1,
      "afkReason": ""
    },
    "40506306363434@lid": {
      "limit": 100,
      "exp": 270,
      "afk": -1,
      "afkReason": ""
    },
    "6285399295887@s.whatsapp.net": {
      "limit": 100,
      "exp": 186,
      "afk": -1,
      "afkReason": ""
    },
    "6281399191913@s.whatsapp.net": {
      "limit": 100,
      "exp": 149,
      "afk": -1,
      "afkReason": ""
    },
    "628551000185@s.whatsapp.net": {
      "limit": 100,
      "exp": 107,
      "afk": -1,
      "afkReason": ""
    },
    "6285723207202@s.whatsapp.net": {
      "limit": 100,
      "exp": 118,
      "afk": -1,
      "afkReason": ""
    },
    "145445376544986@lid": {
      "limit": 100,
      "exp": 126,
      "afk": -1,
      "afkReason": ""
    },
    "145578050740442@lid": {
      "limit": 100,
      "exp": 256,
      "afk": -1,
      "afkReason": ""
    },
    "6289519321410@s.whatsapp.net": {
      "limit": 100,
      "exp": 118,
      "afk": -1,
      "afkReason": ""
    },
    "6285871021484@s.whatsapp.net": {
      "limit": 100,
      "exp": 121,
      "afk": -1,
      "afkReason": ""
    },
    "91075117056032@lid": {
      "limit": 100,
      "exp": 106,
      "afk": -1,
      "afkReason": ""
    },
    "242588711973065@lid": {
      "limit": 100,
      "exp": 1151,
      "afk": -1,
      "afkReason": ""
    },
    "120363327001976310@g.us": {
      "limit": 100,
      "exp": 114,
      "afk": -1,
      "afkReason": ""
    },
    "10334228193352@lid": {
      "limit": 61,
      "exp": 1868,
      "afk": -1,
      "afkReason": ""
    },
    "186689343479996@lid": {
      "limit": 100,
      "exp": 296,
      "afk": -1,
      "afkReason": ""
    },
    "255074248949983@lid": {
      "limit": 100,
      "exp": 105,
      "afk": -1,
      "afkReason": ""
    },
    "173061982707823@lid": {
      "limit": 100,
      "exp": 260,
      "afk": -1,
      "afkReason": ""
    },
    "13778406121589@lid": {
      "limit": 100,
      "exp": 293,
      "afk": -1,
      "afkReason": ""
    },
    "279289308176476@lid": {
      "limit": 100,
      "exp": 159,
      "afk": -1,
      "afkReason": ""
    },
    "270351279866011@lid": {
      "limit": 100,
      "exp": 238,
      "afk": -1,
      "afkReason": ""
    },
    "142155314106558@lid": {
      "limit": 100,
      "exp": 200,
      "afk": -1,
      "afkReason": ""
    },
    "168663818723583@lid": {
      "limit": 100,
      "exp": 224,
      "afk": -1,
      "afkReason": ""
    },
    "70811763359786@lid": {
      "limit": 100,
      "exp": 1036,
      "afk": -1,
      "afkReason": ""
    },
    "5497709183083@lid": {
      "limit": 100,
      "exp": 148,
      "afk": -1,
      "afkReason": ""
    },
    "175814721204247@lid": {
      "limit": 90,
      "exp": 354,
      "afk": -1,
      "afkReason": ""
    },
    "6285894942701@s.whatsapp.net": {
      "limit": 100,
      "exp": 131,
      "afk": -1,
      "afkReason": ""
    },
    "162796809548031@lid": {
      "limit": 100,
      "exp": 129,
      "afk": -1,
      "afkReason": ""
    },
    "258068042489990@lid": {
      "limit": 100,
      "exp": 242,
      "afk": -1,
      "afkReason": ""
    },
    "6288705772295@s.whatsapp.net": {
      "limit": 100,
      "exp": 100,
      "afk": -1,
      "afkReason": ""
    },
    "270081066061878@lid": {
      "limit": 100,
      "exp": 100,
      "afk": -1,
      "afkReason": ""
    },
    "207078006202546@lid": {
      "limit": 100,
      "exp": 114,
      "afk": -1,
      "afkReason": ""
    },
    "223106790645831@lid": {
      "limit": 100,
      "exp": 459,
      "afk": -1,
      "afkReason": ""
    },
    "74711576932399@lid": {
      "limit": 100,
      "exp": 105,
      "afk": -1,
      "afkReason": ""
    },
    "120363396397555599@newsletter": {
      "limit": 100,
      "exp": 100,
      "afk": -1,
      "afkReason": ""
    },
    "120363402469867866@newsletter": {
      "limit": 100,
      "exp": 100,
      "afk": -1,
      "afkReason": ""
    },
    "81493045022729@lid": {
      "limit": 100,
      "exp": 108,
      "afk": -1,
      "afkReason": ""
    },
    "120363387862211782@newsletter": {
      "limit": 100,
      "exp": 100,
      "afk": -1,
      "afkReason": ""
    },
    "253042326823017@lid": {
      "limit": 100,
      "exp": 112,
      "afk": -1,
      "afkReason": ""
    },
    "112609915355237@lid": {
      "limit": 100,
      "exp": 108,
      "afk": -1,
      "afkReason": ""
    },
    "144169838371062@lid": {
      "limit": 100,
      "exp": 119,
      "afk": -1,
      "afkReason": ""
    },
    "81793994780741@lid": {
      "limit": 100,
      "exp": 104,
      "afk": -1,
      "afkReason": ""
    },
    "6281535287121@s.whatsapp.net": {
      "limit": 100,
      "exp": 103,
      "afk": -1,
      "afkReason": ""
    },
    "120363418435967064@newsletter": {
      "limit": 100,
      "exp": 100,
      "afk": -1,
      "afkReason": ""
    },
    "94923122602000@lid": {
      "limit": 100,
      "exp": 137,
      "afk": -1,
      "afkReason": ""
    },
    "41429892133054@lid": {
      "limit": 100,
      "exp": 100,
      "afk": -1,
      "afkReason": ""
    },
    "120363397080669554@newsletter": {
      "limit": 100,
      "exp": 128,
      "afk": -1,
      "afkReason": ""
    },
    "9995009704158@lid": {
      "limit": 100,
      "exp": 123,
      "afk": -1,
      "afkReason": ""
    },
    "90615656247550@lid": {
      "limit": 100,
      "exp": 116,
      "afk": -1,
      "afkReason": ""
    },
    "120363351423986178@newsletter": {
      "limit": 100,
      "exp": 100,
      "afk": -1,
      "afkReason": ""
    },
    "6285846542748@s.whatsapp.net": {
      "limit": 100,
      "exp": 100,
      "afk": -1,
      "afkReason": ""
    },
    "82824585592921@lid": {
      "limit": 100,
      "exp": 100,
      "afk": -1,
      "afkReason": ""
    },
    "152965579034748@lid": {
      "limit": 100,
      "exp": 100,
      "afk": -1,
      "afkReason": ""
    },
    "277043140935895@lid": {
      "limit": 100,
      "exp": 100,
      "afk": -1,
      "afkReason": ""
    },
    "20272312791206@lid": {
      "limit": 100,
      "exp": 100,
      "afk": -1,
      "afkReason": ""
    },
    "217806985506993@lid": {
      "limit": 100,
      "exp": 100,
      "afk": -1,
      "afkReason": ""
    },
    "120363247174205710@newsletter": {
      "limit": 100,
      "exp": 104,
      "afk": -1,
      "afkReason": ""
    },
    "185740759711859@lid": {
      "limit": 98,
      "exp": 298,
      "afk": -1,
      "afkReason": ""
    },
    "6281378584061@s.whatsapp.net": {
      "limit": 100,
      "exp": 105,
      "afk": -1,
      "afkReason": ""
    },
    "120363401569123262@newsletter": {
      "limit": 100,
      "exp": 104,
      "afk": -1,
      "afkReason": ""
    },
    "120363382217594748@newsletter": {
      "limit": 100,
      "exp": 106,
      "afk": -1,
      "afkReason": ""
    },
    "248868155461774@lid": {
      "limit": 100,
      "exp": 136,
      "afk": -1,
      "afkReason": ""
    },
    "20822521548983@lid": {
      "limit": 100,
      "exp": 110,
      "afk": -1,
      "afkReason": ""
    },
    "75290810298441@lid": {
      "limit": 100,
      "exp": 134,
      "afk": -1,
      "afkReason": ""
    },
    "96053017706682@lid": {
      "limit": 100,
      "exp": 106,
      "afk": -1,
      "afkReason": ""
    },
    "120363314571321104@newsletter": {
      "limit": 100,
      "exp": 109,
      "afk": -1,
      "afkReason": ""
    },
    "185220967989488@lid": {
      "limit": 100,
      "exp": 129,
      "afk": -1,
      "afkReason": ""
    },
    "275664439611636@lid": {
      "limit": 100,
      "exp": 100,
      "afk": -1,
      "afkReason": ""
    },
    "45883739656273@lid": {
      "limit": 100,
      "exp": 100,
      "afk": -1,
      "afkReason": ""
    },
    "29064194695393@lid": {
      "limit": 100,
      "exp": 109,
      "afk": -1,
      "afkReason": ""
    },
    "6282285007051@s.whatsapp.net": {
      "limit": 100,
      "exp": 106,
      "afk": -1,
      "afkReason": ""
    },
    "120363323118002960@newsletter": {
      "limit": 100,
      "exp": 129,
      "afk": -1,
      "afkReason": ""
    },
    "120363417535997679@newsletter": {
      "limit": 100,
      "exp": 106,
      "afk": -1,
      "afkReason": ""
    },
    "207356977754243@lid": {
      "limit": 100,
      "exp": 108,
      "afk": -1,
      "afkReason": ""
    },
    "75089534054528@lid": {
      "limit": 99,
      "exp": 158,
      "afk": -1,
      "afkReason": ""
    },
    "76583779979519@lid": {
      "limit": 100,
      "exp": 114,
      "afk": -1,
      "afkReason": ""
    },
    "202392465322063@lid": {
      "limit": 100,
      "exp": 110,
      "afk": -1,
      "afkReason": ""
    },
    "120363397444581494@newsletter": {
      "limit": 100,
      "exp": 127,
      "afk": -1,
      "afkReason": ""
    },
    "239517759967376@lid": {
      "limit": 100,
      "exp": 122,
      "afk": -1,
      "afkReason": ""
    },
    "262942410960958@lid": {
      "limit": 100,
      "exp": 148,
      "afk": -1,
      "afkReason": ""
    },
    "91525971194099@lid": {
      "limit": 100,
      "exp": 104,
      "afk": -1,
      "afkReason": ""
    },
    "268053891793140@lid": {
      "limit": 100,
      "exp": 126,
      "afk": -1,
      "afkReason": ""
    },
    "202177414955090@lid": {
      "limit": 100,
      "exp": 105,
      "afk": -1,
      "afkReason": ""
    },
    "6282211461778@s.whatsapp.net": {
      "limit": 100,
      "exp": 106,
      "afk": -1,
      "afkReason": ""
    },
    "244293931397359@lid": {
      "limit": 100,
      "exp": 101,
      "afk": -1,
      "afkReason": ""
    },
    "173426987819031@lid": {
      "limit": 100,
      "exp": 107,
      "afk": -1,
      "afkReason": ""
    },
    "157930242494646@lid": {
      "limit": 100,
      "exp": 104,
      "afk": -1,
      "afkReason": ""
    },
    "208241975902325@lid": {
      "limit": 100,
      "exp": 133,
      "afk": -1,
      "afkReason": ""
    },
    "203414516564006@lid": {
      "limit": 100,
      "exp": 335,
      "afk": -1,
      "afkReason": ""
    },
    "218639957532824@lid": {
      "limit": 100,
      "exp": 118,
      "afk": -1,
      "afkReason": ""
    },
    "120363305893405904@newsletter": {
      "limit": 100,
      "exp": 102,
      "afk": -1,
      "afkReason": ""
    },
    "155610976899089@lid": {
      "limit": 100,
      "exp": 154,
      "afk": -1,
      "afkReason": ""
    },
    "161078822617138@lid": {
      "limit": 100,
      "exp": 226,
      "afk": -1,
      "afkReason": ""
    },
    "245191227261149@lid": {
      "limit": 100,
      "exp": 126,
      "afk": -1,
      "afkReason": ""
    },
    "189305515466964@lid": {
      "limit": 100,
      "exp": 100,
      "afk": -1,
      "afkReason": ""
    },
    "273040097194195@lid": {
      "limit": 100,
      "exp": 124,
      "afk": -1,
      "afkReason": ""
    },
    "6283838220628@s.whatsapp.net": {
      "limit": 100,
      "exp": 114,
      "afk": -1,
      "afkReason": ""
    },
    "129798408020187@lid": {
      "limit": 100,
      "exp": 183,
      "afk": -1,
      "afkReason": ""
    },
    "120363418575202721@newsletter": {
      "limit": 100,
      "exp": 108,
      "afk": -1,
      "afkReason": ""
    },
    "6283867469683@s.whatsapp.net": {
      "limit": 100,
      "exp": 110,
      "afk": -1,
      "afkReason": ""
    },
    "37061960667390@lid": {
      "limit": 100,
      "exp": 107,
      "afk": -1,
      "afkReason": ""
    },
    "127574084706473@lid": {
      "limit": 100,
      "exp": 136,
      "afk": -1,
      "afkReason": ""
    },
    "99699746980078@lid": {
      "limit": 100,
      "exp": 100,
      "afk": -1,
      "afkReason": ""
    },
    "120363367787013309@newsletter": {
      "limit": 100,
      "exp": 115,
      "afk": -1,
      "afkReason": ""
    },
    "107473016991937@lid": {
      "limit": 100,
      "exp": 140,
      "afk": -1,
      "afkReason": ""
    },
    "20908555137243@lid": {
      "limit": 100,
      "exp": 100,
      "afk": -1,
      "afkReason": ""
    },
    "41816422412337@lid": {
      "limit": 100,
      "exp": 108,
      "afk": -1,
      "afkReason": ""
    },
    "38665714836@s.whatsapp.net": {
      "limit": 100,
      "exp": 100,
      "afk": -1,
      "afkReason": ""
    },
    "164587508912381@lid": {
      "limit": 100,
      "exp": 101,
      "afk": -1,
      "afkReason": ""
    },
    "120363405649403674@newsletter": {
      "limit": 95,
      "exp": 140,
      "afk": -1,
      "afkReason": ""
    },
    "221444806058179@lid": {
      "limit": 100,
      "exp": 105,
      "afk": -1,
      "afkReason": ""
    },
    "120363401961794370@newsletter": {
      "limit": 100,
      "exp": 103,
      "afk": -1,
      "afkReason": ""
    },
    "6288807613899@s.whatsapp.net": {
      "limit": 100,
      "exp": 104,
      "afk": -1,
      "afkReason": ""
    },
    "21062569951331@lid": {
      "limit": 100,
      "exp": 111,
      "afk": -1,
      "afkReason": ""
    },
    "123493211496490@lid": {
      "limit": 100,
      "exp": 155,
      "afk": -1,
      "afkReason": ""
    },
    "143632464113771@lid": {
      "limit": 100,
      "exp": 132,
      "afk": -1,
      "afkReason": ""
    },
    "122840846196928@lid": {
      "limit": 100,
      "exp": 113,
      "afk": -1,
      "afkReason": ""
    },
    "183009026261053@lid": {
      "limit": 100,
      "exp": 421,
      "afk": -1,
      "afkReason": ""
    },
    "8847783657628@lid": {
      "limit": 100,
      "exp": 240,
      "afk": -1,
      "afkReason": ""
    },
    "219990959612064@lid": {
      "limit": 100,
      "exp": 128,
      "afk": -1,
      "afkReason": ""
    },
    "60692367454238@lid": {
      "limit": 100,
      "exp": 119,
      "afk": -1,
      "afkReason": ""
    },
    "255349344989349@lid": {
      "limit": 100,
      "exp": 109,
      "afk": -1,
      "afkReason": ""
    },
    "85959743955133@lid": {
      "limit": 100,
      "exp": 119,
      "afk": -1,
      "afkReason": ""
    },
    "165073024729112@lid": {
      "limit": 100,
      "exp": 127,
      "afk": -1,
      "afkReason": ""
    },
    "234587338834171@lid": {
      "limit": 100,
      "exp": 118,
      "afk": -1,
      "afkReason": ""
    },
    "120363419127439541@newsletter": {
      "limit": 100,
      "exp": 127,
      "afk": -1,
      "afkReason": ""
    },
    "89838250377257@lid": {
      "limit": 100,
      "exp": 122,
      "afk": -1,
      "afkReason": ""
    },
    "174431825617001@lid": {
      "limit": 95,
      "exp": 555,
      "afk": -1,
      "afkReason": ""
    },
    "91362695336041@lid": {
      "limit": 100,
      "exp": 169,
      "afk": -1,
      "afkReason": ""
    },
    "6285850687699@s.whatsapp.net": {
      "limit": 100,
      "exp": 131,
      "afk": -1,
      "afkReason": ""
    },
    "84787452739686@lid": {
      "limit": 100,
      "exp": 506,
      "afk": -1,
      "afkReason": ""
    },
    "203916524396558@lid": {
      "limit": 100,
      "exp": 188,
      "afk": -1,
      "afkReason": ""
    },
    "120363401175725877@g.us": {
      "limit": 100,
      "exp": 109,
      "afk": -1,
      "afkReason": ""
    },
    "167323352744191@lid": {
      "limit": 100,
      "exp": 110,
      "afk": -1,
      "afkReason": ""
    },
    "6283854909604@s.whatsapp.net": {
      "limit": 100,
      "exp": 100,
      "afk": -1,
      "afkReason": ""
    },
    "158235654922403@lid": {
      "limit": 100,
      "exp": 118,
      "afk": -1,
      "afkReason": ""
    },
    "87721133482222@lid": {
      "limit": 100,
      "exp": 131,
      "afk": -1,
      "afkReason": ""
    },
    "120363267102694949@g.us": {
      "limit": 100,
      "exp": 105,
      "afk": -1,
      "afkReason": ""
    },
    "13353573454014@lid": {
      "limit": 100,
      "exp": 112,
      "afk": -1,
      "afkReason": ""
    },
    "4574526107796@lid": {
      "limit": 100,
      "exp": 116,
      "afk": -1,
      "afkReason": ""
    },
    "6283856822232@s.whatsapp.net": {
      "limit": 100,
      "exp": 117,
      "afk": -1,
      "afkReason": ""
    },
    "28969839640789@lid": {
      "limit": 100,
      "exp": 133,
      "afk": -1,
      "afkReason": ""
    },
    "94051932102869@lid": {
      "limit": 100,
      "exp": 114,
      "afk": -1,
      "afkReason": ""
    },
    "213065408712918@lid": {
      "limit": 100,
      "exp": 106,
      "afk": -1,
      "afkReason": ""
    },
    "6283834167728@s.whatsapp.net": {
      "limit": 100,
      "exp": 124,
      "afk": -1,
      "afkReason": ""
    }
  },
  "chats": {
    "6285691811105@s.whatsapp.net": {
      "isBanned": false,
      "welcome": true,
      "autoread": false,
      "blacklist": [],
      "tagsw": {
        "delete": false,
        "kick": false
      },
      "detect": false,
      "sWelcome": "",
      "sBye": "",
      "sPromote": "@user telah di promote!",
      "sDemote": "@user telah di demote",
      "delete": true,
      "antiLink": false,
      "mute": false,
      "stiker": false,
      "antiSticker": false,
      "antiSpam": false,
      "freply": false,
      "viewonce": false,
      "useDocument": false,
      "antiToxic": false,
      "expired": 0,
      "antiVirtex": false,
      "badword": false
    },
    "6285692169659@s.whatsapp.net": {
      "isBanned": false,
      "welcome": true,
      "autoread": false,
      "blacklist": [],
      "tagsw": {
        "delete": false,
        "kick": false
      },
      "detect": false,
      "sWelcome": "",
      "sBye": "",
      "sPromote": "@user telah di promote!",
      "sDemote": "@user telah di demote",
      "delete": true,
      "antiLink": false,
      "mute": false,
      "stiker": false,
      "antiSticker": false,
      "antiSpam": false,
      "freply": false,
      "viewonce": false,
      "useDocument": false,
      "antiToxic": false,
      "expired": 0,
      "antiVirtex": false,
      "badword": false
    },
    "62895323195263@s.whatsapp.net": {
      "isBanned": false,
      "welcome": true,
      "autoread": false,
      "blacklist": [],
      "tagsw": {
        "delete": false,
        "kick": false
      },
      "detect": false,
      "sWelcome": "",
      "sBye": "",
      "sPromote": "@user telah di promote!",
      "sDemote": "@user telah di demote",
      "delete": true,
      "antiLink": false,
      "mute": false,
      "stiker": false,
      "antiSticker": false,
      "antiSpam": false,
      "freply": false,
      "viewonce": false,
      "useDocument": false,
      "antiToxic": false,
      "expired": 0,
      "antiVirtex": false,
      "badword": false
    },
    "120363422601326246@g.us": {
      "isBanned": false,
      "welcome": true,
      "autoread": false,
      "blacklist": [],
      "tagsw": {
        "delete": false,
        "kick": false
      },
      "detect": false,
      "sWelcome": "",
      "sBye": "",
      "sPromote": "@user telah di promote!",
      "sDemote": "@user telah di demote",
      "delete": true,
      "antiLink": false,
      "mute": false,
      "stiker": false,
      "antiSticker": false,
      "antiSpam": false,
      "freply": false,
      "viewonce": false,
      "useDocument": false,
      "antiToxic": false,
      "expired": 0,
      "antiVirtex": false,
      "badword": false
    },
    "status@broadcast": {
      "isBanned": false,
      "welcome": true,
      "autoread": false,
      "blacklist": [],
      "tagsw": {
        "delete": false,
        "kick": false
      },
      "detect": false,
      "sWelcome": "",
      "sBye": "",
      "sPromote": "@user telah di promote!",
      "sDemote": "@user telah di demote",
      "delete": true,
      "antiLink": false,
      "mute": false,
      "stiker": false,
      "antiSticker": false,
      "antiSpam": false,
      "freply": false,
      "viewonce": false,
      "useDocument": false,
      "antiToxic": false,
      "expired": 0,
      "antiVirtex": false,
      "badword": false
    },
    "628551000185@s.whatsapp.net": {
      "isBanned": false,
      "welcome": true,
      "autoread": false,
      "blacklist": [],
      "tagsw": {
        "delete": false,
        "kick": false
      },
      "detect": false,
      "sWelcome": "",
      "sBye": "",
      "sPromote": "@user telah di promote!",
      "sDemote": "@user telah di demote",
      "delete": true,
      "antiLink": false,
      "mute": false,
      "stiker": false,
      "antiSticker": false,
      "antiSpam": false,
      "freply": false,
      "viewonce": false,
      "useDocument": false,
      "antiToxic": false,
      "expired": 0
    },
    "6285399295887@s.whatsapp.net": {
      "isBanned": false,
      "welcome": true,
      "autoread": false,
      "blacklist": [],
      "tagsw": {
        "delete": false,
        "kick": false
      },
      "detect": false,
      "sWelcome": "",
      "sBye": "",
      "sPromote": "@user telah di promote!",
      "sDemote": "@user telah di demote",
      "delete": true,
      "antiLink": false,
      "mute": false,
      "stiker": false,
      "antiSticker": false,
      "antiSpam": false,
      "freply": false,
      "viewonce": false,
      "useDocument": false,
      "antiToxic": false,
      "expired": 0,
      "antiVirtex": false,
      "badword": false
    },
    "6289519321410@s.whatsapp.net": {
      "isBanned": false,
      "welcome": true,
      "autoread": false,
      "blacklist": [],
      "tagsw": {
        "delete": false,
        "kick": false
      },
      "detect": false,
      "sWelcome": "",
      "sBye": "",
      "sPromote": "@user telah di promote!",
      "sDemote": "@user telah di demote",
      "delete": true,
      "antiLink": false,
      "mute": false,
      "stiker": false,
      "antiSticker": false,
      "antiSpam": false,
      "freply": false,
      "viewonce": false,
      "useDocument": false,
      "antiToxic": false,
      "expired": 0
    },
    "6285723207202@s.whatsapp.net": {
      "isBanned": false,
      "welcome": true,
      "autoread": false,
      "blacklist": [],
      "tagsw": {
        "delete": false,
        "kick": false
      },
      "detect": false,
      "sWelcome": "",
      "sBye": "",
      "sPromote": "@user telah di promote!",
      "sDemote": "@user telah di demote",
      "delete": true,
      "antiLink": false,
      "mute": false,
      "stiker": false,
      "antiSticker": false,
      "antiSpam": false,
      "freply": false,
      "viewonce": false,
      "useDocument": false,
      "antiToxic": false,
      "expired": 0
    },
    "6281399191913@s.whatsapp.net": {
      "isBanned": false,
      "welcome": true,
      "autoread": false,
      "blacklist": [],
      "tagsw": {
        "delete": false,
        "kick": false
      },
      "detect": false,
      "sWelcome": "",
      "sBye": "",
      "sPromote": "@user telah di promote!",
      "sDemote": "@user telah di demote",
      "delete": true,
      "antiLink": false,
      "mute": false,
      "stiker": false,
      "antiSticker": false,
      "antiSpam": false,
      "freply": false,
      "viewonce": false,
      "useDocument": false,
      "antiToxic": false,
      "expired": 0,
      "antiVirtex": false,
      "badword": false
    },
    "120363267102694949@g.us": {
      "isBanned": false,
      "welcome": true,
      "autoread": false,
      "blacklist": [],
      "tagsw": {
        "delete": false,
        "kick": false
      },
      "detect": false,
      "sWelcome": "",
      "sBye": "",
      "sPromote": "@user telah di promote!",
      "sDemote": "@user telah di demote",
      "delete": true,
      "antiLink": false,
      "mute": false,
      "stiker": false,
      "antiSticker": false,
      "antiSpam": false,
      "freply": false,
      "viewonce": false,
      "useDocument": false,
      "antiToxic": false,
      "expired": 0,
      "antiVirtex": false,
      "badword": false
    },
    "120363327001976310@g.us": {
      "isBanned": false,
      "welcome": true,
      "autoread": false,
      "blacklist": [],
      "tagsw": {
        "delete": false,
        "kick": false
      },
      "detect": false,
      "sWelcome": "",
      "sBye": "",
      "sPromote": "@user telah di promote!",
      "sDemote": "@user telah di demote",
      "delete": true,
      "antiLink": false,
      "mute": false,
      "stiker": false,
      "antiSticker": false,
      "antiSpam": false,
      "freply": false,
      "viewonce": false,
      "useDocument": false,
      "antiToxic": false,
      "expired": 0,
      "antiVirtex": false,
      "badword": false
    },
    "120363330434416020@g.us": {
      "isBanned": false,
      "welcome": true,
      "autoread": false,
      "blacklist": [],
      "tagsw": {
        "delete": false,
        "kick": false
      },
      "detect": false,
      "sWelcome": "",
      "sBye": "",
      "sPromote": "@user telah di promote!",
      "sDemote": "@user telah di demote",
      "delete": true,
      "antiLink": false,
      "mute": false,
      "stiker": false,
      "antiSticker": false,
      "antiSpam": false,
      "freply": false,
      "viewonce": false,
      "useDocument": false,
      "antiToxic": false,
      "expired": 0
    },
    "120363423007561275@g.us": {
      "isBanned": false,
      "welcome": true,
      "autoread": false,
      "blacklist": [],
      "tagsw": {
        "delete": false,
        "kick": false
      },
      "detect": false,
      "sWelcome": "",
      "sBye": "",
      "sPromote": "@user telah di promote!",
      "sDemote": "@user telah di demote",
      "delete": true,
      "antiLink": false,
      "mute": false,
      "stiker": false,
      "antiSticker": false,
      "antiSpam": false,
      "freply": false,
      "viewonce": false,
      "useDocument": false,
      "antiToxic": false,
      "expired": 0,
      "antiVirtex": false,
      "badword": false
    },
    "120363403826088482@g.us": {
      "isBanned": false,
      "welcome": true,
      "autoread": false,
      "blacklist": [],
      "tagsw": {
        "delete": false,
        "kick": false
      },
      "detect": false,
      "sWelcome": "",
      "sBye": "",
      "sPromote": "@user telah di promote!",
      "sDemote": "@user telah di demote",
      "delete": true,
      "antiLink": false,
      "mute": false,
      "stiker": false,
      "antiSticker": false,
      "antiSpam": false,
      "freply": false,
      "viewonce": false,
      "useDocument": false,
      "antiToxic": false,
      "expired": 0,
      "antiVirtex": false,
      "badword": false
    },
    "6285894942701@s.whatsapp.net": {
      "isBanned": false,
      "welcome": true,
      "autoread": false,
      "blacklist": [],
      "tagsw": {
        "delete": false,
        "kick": false
      },
      "detect": false,
      "sWelcome": "",
      "sBye": "",
      "sPromote": "@user telah di promote!",
      "sDemote": "@user telah di demote",
      "delete": true,
      "antiLink": false,
      "mute": false,
      "stiker": false,
      "antiSticker": false,
      "antiSpam": false,
      "freply": false,
      "viewonce": false,
      "useDocument": false,
      "antiToxic": false,
      "expired": 0,
      "antiVirtex": false,
      "badword": false
    },
    "120363396397555599@newsletter": {
      "isBanned": false,
      "welcome": true,
      "autoread": false,
      "blacklist": [],
      "tagsw": {
        "delete": false,
        "kick": false
      },
      "detect": false,
      "sWelcome": "",
      "sBye": "",
      "sPromote": "@user telah di promote!",
      "sDemote": "@user telah di demote",
      "delete": true,
      "antiLink": false,
      "mute": false,
      "stiker": false,
      "antiSticker": false,
      "antiSpam": false,
      "freply": false,
      "viewonce": false,
      "useDocument": false,
      "antiToxic": false,
      "expired": 0,
      "antiVirtex": false,
      "badword": false
    },
    "120363402469867866@newsletter": {
      "isBanned": false,
      "welcome": true,
      "autoread": false,
      "blacklist": [],
      "tagsw": {
        "delete": false,
        "kick": false
      },
      "detect": false,
      "sWelcome": "",
      "sBye": "",
      "sPromote": "@user telah di promote!",
      "sDemote": "@user telah di demote",
      "delete": true,
      "antiLink": false,
      "mute": false,
      "stiker": false,
      "antiSticker": false,
      "antiSpam": false,
      "freply": false,
      "viewonce": false,
      "useDocument": false,
      "antiToxic": false,
      "expired": 0,
      "antiVirtex": false,
      "badword": false
    },
    "120363420310745654@g.us": {
      "isBanned": false,
      "welcome": true,
      "autoread": false,
      "blacklist": [],
      "tagsw": {
        "delete": false,
        "kick": false
      },
      "detect": false,
      "sWelcome": "",
      "sBye": "",
      "sPromote": "@user telah di promote!",
      "sDemote": "@user telah di demote",
      "delete": true,
      "antiLink": false,
      "mute": false,
      "stiker": false,
      "antiSticker": false,
      "antiSpam": false,
      "freply": false,
      "viewonce": false,
      "useDocument": false,
      "antiToxic": false,
      "expired": 0,
      "antiVirtex": false,
      "badword": false
    },
    "120363387862211782@newsletter": {
      "isBanned": false,
      "welcome": true,
      "autoread": false,
      "blacklist": [],
      "tagsw": {
        "delete": false,
        "kick": false
      },
      "detect": false,
      "sWelcome": "",
      "sBye": "",
      "sPromote": "@user telah di promote!",
      "sDemote": "@user telah di demote",
      "delete": true,
      "antiLink": false,
      "mute": false,
      "stiker": false,
      "antiSticker": false,
      "antiSpam": false,
      "freply": false,
      "viewonce": false,
      "useDocument": false,
      "antiToxic": false,
      "expired": 0,
      "antiVirtex": false,
      "badword": false
    },
    "120363297536604519@g.us": {
      "isBanned": false,
      "welcome": true,
      "autoread": false,
      "blacklist": [],
      "tagsw": {
        "delete": false,
        "kick": false
      },
      "detect": false,
      "sWelcome": "",
      "sBye": "",
      "sPromote": "@user telah di promote!",
      "sDemote": "@user telah di demote",
      "delete": true,
      "antiLink": false,
      "mute": false,
      "stiker": false,
      "antiSticker": false,
      "antiSpam": false,
      "freply": false,
      "viewonce": false,
      "useDocument": false,
      "antiToxic": false,
      "expired": 0,
      "antiVirtex": false,
      "badword": false
    },
    "120363296350396414@g.us": {
      "isBanned": false,
      "welcome": true,
      "autoread": false,
      "blacklist": [],
      "tagsw": {
        "delete": false,
        "kick": false
      },
      "detect": false,
      "sWelcome": "",
      "sBye": "",
      "sPromote": "@user telah di promote!",
      "sDemote": "@user telah di demote",
      "delete": true,
      "antiLink": false,
      "mute": false,
      "stiker": false,
      "antiSticker": false,
      "antiSpam": false,
      "freply": false,
      "viewonce": false,
      "useDocument": false,
      "antiToxic": false,
      "expired": 0,
      "antiVirtex": false,
      "badword": false
    },
    "6281535287121@s.whatsapp.net": {
      "isBanned": false,
      "welcome": true,
      "autoread": false,
      "blacklist": [],
      "tagsw": {
        "delete": false,
        "kick": false
      },
      "detect": false,
      "sWelcome": "",
      "sBye": "",
      "sPromote": "@user telah di promote!",
      "sDemote": "@user telah di demote",
      "delete": true,
      "antiLink": false,
      "mute": false,
      "stiker": false,
      "antiSticker": false,
      "antiSpam": false,
      "freply": false,
      "viewonce": false,
      "useDocument": false,
      "antiToxic": false,
      "expired": 0
    },
    "120363418435967064@newsletter": {
      "isBanned": false,
      "welcome": true,
      "autoread": false,
      "blacklist": [],
      "tagsw": {
        "delete": false,
        "kick": false
      },
      "detect": false,
      "sWelcome": "",
      "sBye": "",
      "sPromote": "@user telah di promote!",
      "sDemote": "@user telah di demote",
      "delete": true,
      "antiLink": false,
      "mute": false,
      "stiker": false,
      "antiSticker": false,
      "antiSpam": false,
      "freply": false,
      "viewonce": false,
      "useDocument": false,
      "antiToxic": false,
      "expired": 0,
      "antiVirtex": false,
      "badword": false
    },
    "120363416165321668@g.us": {
      "isBanned": false,
      "welcome": true,
      "autoread": false,
      "blacklist": [],
      "tagsw": {
        "delete": false,
        "kick": false
      },
      "detect": false,
      "sWelcome": "",
      "sBye": "",
      "sPromote": "@user telah di promote!",
      "sDemote": "@user telah di demote",
      "delete": true,
      "antiLink": false,
      "mute": false,
      "stiker": false,
      "antiSticker": false,
      "antiSpam": false,
      "freply": false,
      "viewonce": false,
      "useDocument": false,
      "antiToxic": false,
      "expired": 0,
      "antiVirtex": false,
      "badword": false
    },
    "120363397080669554@newsletter": {
      "isBanned": false,
      "welcome": true,
      "autoread": false,
      "blacklist": [],
      "tagsw": {
        "delete": false,
        "kick": false
      },
      "detect": false,
      "sWelcome": "",
      "sBye": "",
      "sPromote": "@user telah di promote!",
      "sDemote": "@user telah di demote",
      "delete": true,
      "antiLink": false,
      "mute": false,
      "stiker": false,
      "antiSticker": false,
      "antiSpam": false,
      "freply": false,
      "viewonce": false,
      "useDocument": false,
      "antiToxic": false,
      "expired": 0,
      "antiVirtex": false,
      "badword": false
    },
    "120363263074178021@g.us": {
      "isBanned": false,
      "welcome": true,
      "autoread": false,
      "blacklist": [],
      "tagsw": {
        "delete": false,
        "kick": false
      },
      "detect": false,
      "sWelcome": "",
      "sBye": "",
      "sPromote": "@user telah di promote!",
      "sDemote": "@user telah di demote",
      "delete": true,
      "antiLink": false,
      "mute": false,
      "stiker": false,
      "antiSticker": false,
      "antiSpam": false,
      "freply": false,
      "viewonce": false,
      "useDocument": false,
      "antiToxic": false,
      "expired": 0,
      "antiVirtex": false,
      "badword": false
    },
    "120363351423986178@newsletter": {
      "isBanned": false,
      "welcome": true,
      "autoread": false,
      "blacklist": [],
      "tagsw": {
        "delete": false,
        "kick": false
      },
      "detect": false,
      "sWelcome": "",
      "sBye": "",
      "sPromote": "@user telah di promote!",
      "sDemote": "@user telah di demote",
      "delete": true,
      "antiLink": false,
      "mute": false,
      "stiker": false,
      "antiSticker": false,
      "antiSpam": false,
      "freply": false,
      "viewonce": false,
      "useDocument": false,
      "antiToxic": false,
      "expired": 0,
      "antiVirtex": false,
      "badword": false
    },
    "120363150352546489@g.us": {
      "isBanned": false,
      "welcome": true,
      "autoread": false,
      "blacklist": [],
      "tagsw": {
        "delete": false,
        "kick": false
      },
      "detect": false,
      "sWelcome": "",
      "sBye": "",
      "sPromote": "@user telah di promote!",
      "sDemote": "@user telah di demote",
      "delete": true,
      "antiLink": false,
      "mute": false,
      "stiker": false,
      "antiSticker": false,
      "antiSpam": false,
      "freply": false,
      "viewonce": false,
      "useDocument": false,
      "antiToxic": false,
      "expired": 0,
      "antiVirtex": false,
      "badword": false
    },
    "120363247174205710@newsletter": {
      "isBanned": false,
      "welcome": true,
      "autoread": false,
      "blacklist": [],
      "tagsw": {
        "delete": false,
        "kick": false
      },
      "detect": false,
      "sWelcome": "",
      "sBye": "",
      "sPromote": "@user telah di promote!",
      "sDemote": "@user telah di demote",
      "delete": true,
      "antiLink": false,
      "mute": false,
      "stiker": false,
      "antiSticker": false,
      "antiSpam": false,
      "freply": false,
      "viewonce": false,
      "useDocument": false,
      "antiToxic": false,
      "expired": 0,
      "antiVirtex": false,
      "badword": false
    },
    "120363186613347080@g.us": {
      "isBanned": false,
      "welcome": true,
      "autoread": false,
      "blacklist": [],
      "tagsw": {
        "delete": false,
        "kick": false
      },
      "detect": false,
      "sWelcome": "",
      "sBye": "",
      "sPromote": "@user telah di promote!",
      "sDemote": "@user telah di demote",
      "delete": true,
      "antiLink": false,
      "mute": false,
      "stiker": false,
      "antiSticker": false,
      "antiSpam": false,
      "freply": false,
      "viewonce": false,
      "useDocument": false,
      "antiToxic": false,
      "expired": 0,
      "antiVirtex": false,
      "badword": false
    },
    "6281378584061@s.whatsapp.net": {
      "isBanned": false,
      "welcome": true,
      "autoread": false,
      "blacklist": [],
      "tagsw": {
        "delete": false,
        "kick": false
      },
      "detect": false,
      "sWelcome": "",
      "sBye": "",
      "sPromote": "@user telah di promote!",
      "sDemote": "@user telah di demote",
      "delete": true,
      "antiLink": false,
      "mute": false,
      "stiker": false,
      "antiSticker": false,
      "antiSpam": false,
      "freply": false,
      "viewonce": false,
      "useDocument": false,
      "antiToxic": false,
      "expired": 0
    },
    "120363401569123262@newsletter": {
      "isBanned": false,
      "welcome": true,
      "autoread": false,
      "blacklist": [],
      "tagsw": {
        "delete": false,
        "kick": false
      },
      "detect": false,
      "sWelcome": "",
      "sBye": "",
      "sPromote": "@user telah di promote!",
      "sDemote": "@user telah di demote",
      "delete": true,
      "antiLink": false,
      "mute": false,
      "stiker": false,
      "antiSticker": false,
      "antiSpam": false,
      "freply": false,
      "viewonce": false,
      "useDocument": false,
      "antiToxic": false,
      "expired": 0
    },
    "120363382217594748@newsletter": {
      "isBanned": false,
      "welcome": true,
      "autoread": false,
      "blacklist": [],
      "tagsw": {
        "delete": false,
        "kick": false
      },
      "detect": false,
      "sWelcome": "",
      "sBye": "",
      "sPromote": "@user telah di promote!",
      "sDemote": "@user telah di demote",
      "delete": true,
      "antiLink": false,
      "mute": false,
      "stiker": false,
      "antiSticker": false,
      "antiSpam": false,
      "freply": false,
      "viewonce": false,
      "useDocument": false,
      "antiToxic": false,
      "expired": 0
    },
    "120363421092853123@g.us": {
      "isBanned": false,
      "welcome": true,
      "autoread": false,
      "blacklist": [],
      "tagsw": {
        "delete": false,
        "kick": false
      },
      "detect": false,
      "sWelcome": "",
      "sBye": "",
      "sPromote": "@user telah di promote!",
      "sDemote": "@user telah di demote",
      "delete": true,
      "antiLink": false,
      "mute": false,
      "stiker": false,
      "antiSticker": false,
      "antiSpam": false,
      "freply": false,
      "viewonce": false,
      "useDocument": false,
      "antiToxic": false,
      "expired": 0,
      "antiVirtex": false,
      "badword": false
    },
    "120363314571321104@newsletter": {
      "isBanned": false,
      "welcome": true,
      "autoread": false,
      "blacklist": [],
      "tagsw": {
        "delete": false,
        "kick": false
      },
      "detect": false,
      "sWelcome": "",
      "sBye": "",
      "sPromote": "@user telah di promote!",
      "sDemote": "@user telah di demote",
      "delete": true,
      "antiLink": false,
      "mute": false,
      "stiker": false,
      "antiSticker": false,
      "antiSpam": false,
      "freply": false,
      "viewonce": false,
      "useDocument": false,
      "antiToxic": false,
      "expired": 0
    },
    "120363419908380997@g.us": {
      "isBanned": false,
      "welcome": true,
      "autoread": false,
      "blacklist": [],
      "tagsw": {
        "delete": false,
        "kick": false
      },
      "detect": false,
      "sWelcome": "",
      "sBye": "",
      "sPromote": "@user telah di promote!",
      "sDemote": "@user telah di demote",
      "delete": true,
      "antiLink": false,
      "mute": false,
      "stiker": false,
      "antiSticker": false,
      "antiSpam": false,
      "freply": false,
      "viewonce": false,
      "useDocument": false,
      "antiToxic": false,
      "expired": 0,
      "antiVirtex": false,
      "badword": false
    },
    "120363323118002960@newsletter": {
      "isBanned": false,
      "welcome": true,
      "autoread": false,
      "blacklist": [],
      "tagsw": {
        "delete": false,
        "kick": false
      },
      "detect": false,
      "sWelcome": "",
      "sBye": "",
      "sPromote": "@user telah di promote!",
      "sDemote": "@user telah di demote",
      "delete": true,
      "antiLink": false,
      "mute": false,
      "stiker": false,
      "antiSticker": false,
      "antiSpam": false,
      "freply": false,
      "viewonce": false,
      "useDocument": false,
      "antiToxic": false,
      "expired": 0,
      "antiVirtex": false,
      "badword": false
    },
    "120363417535997679@newsletter": {
      "isBanned": false,
      "welcome": true,
      "autoread": false,
      "blacklist": [],
      "tagsw": {
        "delete": false,
        "kick": false
      },
      "detect": false,
      "sWelcome": "",
      "sBye": "",
      "sPromote": "@user telah di promote!",
      "sDemote": "@user telah di demote",
      "delete": true,
      "antiLink": false,
      "mute": false,
      "stiker": false,
      "antiSticker": false,
      "antiSpam": false,
      "freply": false,
      "viewonce": false,
      "useDocument": false,
      "antiToxic": false,
      "expired": 0
    },
    "120363419006700051@g.us": {
      "isBanned": false,
      "welcome": true,
      "autoread": false,
      "blacklist": [],
      "tagsw": {
        "delete": false,
        "kick": false
      },
      "detect": false,
      "sWelcome": "",
      "sBye": "",
      "sPromote": "@user telah di promote!",
      "sDemote": "@user telah di demote",
      "delete": true,
      "antiLink": false,
      "mute": false,
      "stiker": false,
      "antiSticker": false,
      "antiSpam": false,
      "freply": false,
      "viewonce": false,
      "useDocument": false,
      "antiToxic": false,
      "expired": 0,
      "antiVirtex": false,
      "badword": false
    },
    "120363401064236169@g.us": {
      "isBanned": false,
      "welcome": true,
      "autoread": false,
      "blacklist": [],
      "tagsw": {
        "delete": false,
        "kick": false
      },
      "detect": false,
      "sWelcome": "",
      "sBye": "",
      "sPromote": "@user telah di promote!",
      "sDemote": "@user telah di demote",
      "delete": true,
      "antiLink": false,
      "mute": false,
      "stiker": false,
      "antiSticker": false,
      "antiSpam": false,
      "freply": false,
      "viewonce": false,
      "useDocument": false,
      "antiToxic": false,
      "expired": 0,
      "antiVirtex": false,
      "badword": false
    },
    "120363397444581494@newsletter": {
      "isBanned": false,
      "welcome": true,
      "autoread": false,
      "blacklist": [],
      "tagsw": {
        "delete": false,
        "kick": false
      },
      "detect": false,
      "sWelcome": "",
      "sBye": "",
      "sPromote": "@user telah di promote!",
      "sDemote": "@user telah di demote",
      "delete": true,
      "antiLink": false,
      "mute": false,
      "stiker": false,
      "antiSticker": false,
      "antiSpam": false,
      "freply": false,
      "viewonce": false,
      "useDocument": false,
      "antiToxic": false,
      "expired": 0,
      "antiVirtex": false,
      "badword": false
    },
    "6282285007051@s.whatsapp.net": {
      "isBanned": false,
      "welcome": true,
      "autoread": false,
      "blacklist": [],
      "tagsw": {
        "delete": false,
        "kick": false
      },
      "detect": false,
      "sWelcome": "",
      "sBye": "",
      "sPromote": "@user telah di promote!",
      "sDemote": "@user telah di demote",
      "delete": true,
      "antiLink": false,
      "mute": false,
      "stiker": false,
      "antiSticker": false,
      "antiSpam": false,
      "freply": false,
      "viewonce": false,
      "useDocument": false,
      "antiToxic": false,
      "expired": 0
    },
    "120363420972188503@g.us": {
      "isBanned": false,
      "welcome": true,
      "autoread": false,
      "blacklist": [],
      "tagsw": {
        "delete": false,
        "kick": false
      },
      "detect": false,
      "sWelcome": "",
      "sBye": "",
      "sPromote": "@user telah di promote!",
      "sDemote": "@user telah di demote",
      "delete": true,
      "antiLink": false,
      "mute": false,
      "stiker": false,
      "antiSticker": false,
      "antiSpam": false,
      "freply": false,
      "viewonce": false,
      "useDocument": false,
      "antiToxic": false,
      "expired": 0,
      "antiVirtex": false,
      "badword": false
    },
    "120363422544505531@g.us": {
      "isBanned": false,
      "welcome": true,
      "autoread": false,
      "blacklist": [],
      "tagsw": {
        "delete": false,
        "kick": false
      },
      "detect": false,
      "sWelcome": "",
      "sBye": "",
      "sPromote": "@user telah di promote!",
      "sDemote": "@user telah di demote",
      "delete": true,
      "antiLink": false,
      "mute": false,
      "stiker": false,
      "antiSticker": false,
      "antiSpam": false,
      "freply": false,
      "viewonce": false,
      "useDocument": false,
      "antiToxic": false,
      "expired": 0,
      "antiVirtex": false,
      "badword": false
    },
    "120363418639849645@g.us": {
      "isBanned": false,
      "welcome": true,
      "autoread": false,
      "blacklist": [],
      "tagsw": {
        "delete": false,
        "kick": false
      },
      "detect": false,
      "sWelcome": "",
      "sBye": "",
      "sPromote": "@user telah di promote!",
      "sDemote": "@user telah di demote",
      "delete": true,
      "antiLink": false,
      "mute": false,
      "stiker": false,
      "antiSticker": false,
      "antiSpam": false,
      "freply": false,
      "viewonce": false,
      "useDocument": false,
      "antiToxic": false,
      "expired": 0
    },
    "120363403727889612@g.us": {
      "isBanned": false,
      "welcome": true,
      "autoread": false,
      "blacklist": [],
      "tagsw": {
        "delete": false,
        "kick": false
      },
      "detect": false,
      "sWelcome": "",
      "sBye": "",
      "sPromote": "@user telah di promote!",
      "sDemote": "@user telah di demote",
      "delete": true,
      "antiLink": false,
      "mute": false,
      "stiker": false,
      "antiSticker": false,
      "antiSpam": false,
      "freply": false,
      "viewonce": false,
      "useDocument": false,
      "antiToxic": false,
      "expired": 0
    },
    "120363305893405904@newsletter": {
      "isBanned": false,
      "welcome": true,
      "autoread": false,
      "blacklist": [],
      "tagsw": {
        "delete": false,
        "kick": false
      },
      "detect": false,
      "sWelcome": "",
      "sBye": "",
      "sPromote": "@user telah di promote!",
      "sDemote": "@user telah di demote",
      "delete": true,
      "antiLink": false,
      "mute": false,
      "stiker": false,
      "antiSticker": false,
      "antiSpam": false,
      "freply": false,
      "viewonce": false,
      "useDocument": false,
      "antiToxic": false,
      "expired": 0
    },
    "120363326242041851@g.us": {
      "isBanned": false,
      "welcome": true,
      "autoread": false,
      "blacklist": [],
      "tagsw": {
        "delete": false,
        "kick": false
      },
      "detect": false,
      "sWelcome": "",
      "sBye": "",
      "sPromote": "@user telah di promote!",
      "sDemote": "@user telah di demote",
      "delete": true,
      "antiLink": false,
      "mute": false,
      "stiker": false,
      "antiSticker": false,
      "antiSpam": false,
      "freply": false,
      "viewonce": false,
      "useDocument": false,
      "antiToxic": false,
      "expired": 0,
      "antiVirtex": false,
      "badword": false
    },
    "6283838220628@s.whatsapp.net": {
      "isBanned": false,
      "welcome": true,
      "autoread": false,
      "blacklist": [],
      "tagsw": {
        "delete": false,
        "kick": false
      },
      "detect": false,
      "sWelcome": "",
      "sBye": "",
      "sPromote": "@user telah di promote!",
      "sDemote": "@user telah di demote",
      "delete": true,
      "antiLink": false,
      "mute": false,
      "stiker": false,
      "antiSticker": false,
      "antiSpam": false,
      "freply": false,
      "viewonce": false,
      "useDocument": false,
      "antiToxic": false,
      "expired": 0,
      "antiVirtex": false,
      "badword": false
    },
    "120363418575202721@newsletter": {
      "isBanned": false,
      "welcome": true,
      "autoread": false,
      "blacklist": [],
      "tagsw": {
        "delete": false,
        "kick": false
      },
      "detect": false,
      "sWelcome": "",
      "sBye": "",
      "sPromote": "@user telah di promote!",
      "sDemote": "@user telah di demote",
      "delete": true,
      "antiLink": false,
      "mute": false,
      "stiker": false,
      "antiSticker": false,
      "antiSpam": false,
      "freply": false,
      "viewonce": false,
      "useDocument": false,
      "antiToxic": false,
      "expired": 0,
      "antiVirtex": false,
      "badword": false
    },
    "120363367787013309@newsletter": {
      "isBanned": false,
      "welcome": true,
      "autoread": false,
      "blacklist": [],
      "tagsw": {
        "delete": false,
        "kick": false
      },
      "detect": false,
      "sWelcome": "",
      "sBye": "",
      "sPromote": "@user telah di promote!",
      "sDemote": "@user telah di demote",
      "delete": true,
      "antiLink": false,
      "mute": false,
      "stiker": false,
      "antiSticker": false,
      "antiSpam": false,
      "freply": false,
      "viewonce": false,
      "useDocument": false,
      "antiToxic": false,
      "expired": 0,
      "antiVirtex": false,
      "badword": false
    },
    "120363390007053818@g.us": {
      "isBanned": false,
      "welcome": true,
      "autoread": false,
      "blacklist": [],
      "tagsw": {
        "delete": false,
        "kick": false
      },
      "detect": false,
      "sWelcome": "",
      "sBye": "",
      "sPromote": "@user telah di promote!",
      "sDemote": "@user telah di demote",
      "delete": true,
      "antiLink": false,
      "mute": false,
      "stiker": false,
      "antiSticker": false,
      "antiSpam": false,
      "freply": false,
      "viewonce": false,
      "useDocument": false,
      "antiToxic": false,
      "expired": 0,
      "antiVirtex": false,
      "badword": false
    },
    "120363405649403674@newsletter": {
      "isBanned": false,
      "welcome": true,
      "autoread": false,
      "blacklist": [],
      "tagsw": {
        "delete": false,
        "kick": false
      },
      "detect": false,
      "sWelcome": "",
      "sBye": "",
      "sPromote": "@user telah di promote!",
      "sDemote": "@user telah di demote",
      "delete": true,
      "antiLink": false,
      "mute": false,
      "stiker": false,
      "antiSticker": false,
      "antiSpam": false,
      "freply": false,
      "viewonce": false,
      "useDocument": false,
      "antiToxic": false,
      "expired": 0,
      "antiVirtex": false,
      "badword": false
    },
    "120363401961794370@newsletter": {
      "isBanned": false,
      "welcome": true,
      "autoread": false,
      "blacklist": [],
      "tagsw": {
        "delete": false,
        "kick": false
      },
      "detect": false,
      "sWelcome": "",
      "sBye": "",
      "sPromote": "@user telah di promote!",
      "sDemote": "@user telah di demote",
      "delete": true,
      "antiLink": false,
      "mute": false,
      "stiker": false,
      "antiSticker": false,
      "antiSpam": false,
      "freply": false,
      "viewonce": false,
      "useDocument": false,
      "antiToxic": false,
      "expired": 0
    },
    "120363422929009877@g.us": {
      "isBanned": false,
      "welcome": true,
      "autoread": false,
      "blacklist": [],
      "tagsw": {
        "delete": false,
        "kick": false
      },
      "detect": false,
      "sWelcome": "",
      "sBye": "",
      "sPromote": "@user telah di promote!",
      "sDemote": "@user telah di demote",
      "delete": true,
      "antiLink": false,
      "mute": false,
      "stiker": false,
      "antiSticker": false,
      "antiSpam": false,
      "freply": false,
      "viewonce": false,
      "useDocument": false,
      "antiToxic": false,
      "expired": 0,
      "antiVirtex": false,
      "badword": false
    },
    "120363419127439541@newsletter": {
      "isBanned": false,
      "welcome": true,
      "autoread": false,
      "blacklist": [],
      "tagsw": {
        "delete": false,
        "kick": false
      },
      "detect": false,
      "sWelcome": "",
      "sBye": "",
      "sPromote": "@user telah di promote!",
      "sDemote": "@user telah di demote",
      "delete": true,
      "antiLink": false,
      "mute": false,
      "stiker": false,
      "antiSticker": false,
      "antiSpam": false,
      "freply": false,
      "viewonce": false,
      "useDocument": false,
      "antiToxic": false,
      "expired": 0,
      "antiVirtex": false,
      "badword": false
    },
    "120363418817420916@g.us": {
      "isBanned": false,
      "welcome": true,
      "autoread": false,
      "blacklist": [],
      "tagsw": {
        "delete": false,
        "kick": false
      },
      "detect": false,
      "sWelcome": "",
      "sBye": "",
      "sPromote": "@user telah di promote!",
      "sDemote": "@user telah di demote",
      "delete": true,
      "antiLink": false,
      "mute": false,
      "stiker": false,
      "antiSticker": false,
      "antiSpam": false,
      "freply": false,
      "viewonce": false,
      "useDocument": false,
      "antiToxic": false,
      "expired": 0,
      "antiVirtex": false,
      "badword": false
    },
    "120363401175725877@g.us": {
      "isBanned": false,
      "welcome": true,
      "autoread": false,
      "blacklist": [],
      "tagsw": {
        "delete": false,
        "kick": false
      },
      "detect": false,
      "sWelcome": "",
      "sBye": "",
      "sPromote": "@user telah di promote!",
      "sDemote": "@user telah di demote",
      "delete": true,
      "antiLink": false,
      "mute": false,
      "stiker": false,
      "antiSticker": false,
      "antiSpam": false,
      "freply": false,
      "viewonce": false,
      "useDocument": false,
      "antiToxic": false,
      "expired": 0,
      "antiVirtex": false,
      "badword": false
    }
  },
  "stats": {
    "plugins/menu.js": {
      "total": 67,
      "success": 67,
      "last": 1760334480421,
      "lastSuccess": 1760334480421
    },
    "plugins/hidetag.mjs": {
      "total": 3,
      "success": 3,
      "last": 1759408799623,
      "lastSuccess": 1759408799623
    },
    "plugins/brat-sticker.mjs": {
      "total": 7,
      "success": 6,
      "last": 1760274636312,
      "lastSuccess": 1760274636312
    },
    "plugins/addplugin.js": {
      "total": 55,
      "success": 55,
      "last": 1760318423810,
      "lastSuccess": 1760318423810
    },
    "plugins/delplugin.js": {
      "total": 47,
      "success": 47,
      "last": 1760318406846,
      "lastSuccess": 1760318406846
    },
    "plugins/joingc.mjs": {
      "total": 5,
      "success": 5,
      "last": 1759551178011,
      "lastSuccess": 1759551178011
    },
    "plugins/remini-tools.mjs": {
      "total": 12,
      "success": 12,
      "last": 1760265047129,
      "lastSuccess": 1760265047129
    },
    "plugins/backup.js": {
      "total": 7,
      "success": 7,
      "last": 1759716934057,
      "lastSuccess": 1759716934057
    },
    "plugins/owner-exec.js": {
      "total": 16,
      "success": 16,
      "last": 1760307645472,
      "lastSuccess": 1760307645472
    },
    "plugins/sewa.mjs": {
      "total": 6,
      "success": 6,
      "last": 1760244412969,
      "lastSuccess": 1760244412969
    },
    "plugins/getplugin.js": {
      "total": 19,
      "success": 19,
      "last": 1760335465846,
      "lastSuccess": 1760335465846
    },
    "plugins/play.js": {
      "total": 9,
      "success": 9,
      "last": 1760335542957,
      "lastSuccess": 1760335542957
    },
    "plugins/tools-removebg.mjs": {
      "total": 4,
      "success": 4,
      "last": 1759459558786,
      "lastSuccess": 1759459558786
    },
    "plugins/donate.mjs": {
      "total": 2,
      "success": 2,
      "last": 1759460923282,
      "lastSuccess": 1759460923282
    },
    "plugins/iqc.mjs": {
      "total": 3,
      "success": 3,
      "last": 1759471831710,
      "lastSuccess": 1759471831710
    },
    "plugins/tourl.mjs": {
      "total": 8,
      "success": 8,
      "last": 1760286296110,
      "lastSuccess": 1760286296110
    },
    "plugins/deep-ai.mjs": {
      "total": 12,
      "success": 12,
      "last": 1759512834049,
      "lastSuccess": 1759512834049
    },
    "plugins/tagall.mjs": {
      "total": 13,
      "success": 13,
      "last": 1760277593154,
      "lastSuccess": 1760277593154
    },
    "plugins/fetching-tools.mjs": {
      "total": 6,
      "success": 6,
      "last": 1759553483578,
      "lastSuccess": 1759553483578
    },
    "plugins/tikdl.mjs": {
      "total": 3,
      "success": 3,
      "last": 1759501149728,
      "lastSuccess": 1759501149728
    },
    "plugins/tiks.mjs": {
      "total": 3,
      "success": 3,
      "last": 1759501270830,
      "lastSuccess": 1759501270830
    },
    "plugins/tiktok.js": {
      "total": 19,
      "success": 19,
      "last": 1760268753432,
      "lastSuccess": 1760268753432
    },
    "plugins/tikdl.js": {
      "total": 3,
      "success": 3,
      "last": 1759502191775,
      "lastSuccess": 1759502191775
    },
    "plugins/tt.js": {
      "total": 3,
      "success": 0,
      "last": 1759502505436,
      "lastSuccess": 0
    },
    "plugins/img2img.mjs": {
      "total": 3,
      "success": 3,
      "last": 1759504946379,
      "lastSuccess": 1759504946379
    },
    "plugins/toimg.mjs": {
      "total": 16,
      "success": 16,
      "last": 1759509958066,
      "lastSuccess": 1759509958066
    },
    "plugins/pinterest.js": {
      "total": 7,
      "success": 7,
      "last": 1759551718927,
      "lastSuccess": 1759551718927
    },
    "plugins/nano-banana.mjs": {
      "total": 21,
      "success": 21,
      "last": 1760235957577,
      "lastSuccess": 1760235957577
    },
    "plugins/cekurl.mjs": {
      "total": 3,
      "success": 3,
      "last": 1759512481897,
      "lastSuccess": 1759512481897
    },
    "plugins/fakeml.mjs": {
      "total": 3,
      "success": 3,
      "last": 1759539543383,
      "lastSuccess": 1759539543383
    },
    "plugins/mlfek.mjs": {
      "total": 9,
      "success": 9,
      "last": 1760281117196,
      "lastSuccess": 1760281117196
    },
    "plugins/owner-eval.js": {
      "total": 12,
      "success": 12,
      "last": 1760334489057,
      "lastSuccess": 1760334489057
    },
    "plugins/owner-evalesm.mjs": {
      "total": 2,
      "success": 2,
      "last": 1759543151198,
      "lastSuccess": 1759543151198
    },
    "plugins/pindl.js": {
      "total": 3,
      "success": 3,
      "last": 1759545763017,
      "lastSuccess": 1759545763017
    },
    "plugins/pinn.js": {
      "total": 3,
      "success": 3,
      "last": 1759545911259,
      "lastSuccess": 1759545911259
    },
    "plugins/pins.js": {
      "total": 2,
      "success": 2,
      "last": 1759546034960,
      "lastSuccess": 1759546034960
    },
    "plugins/tofigure.js": {
      "total": 6,
      "success": 6,
      "last": 1759727922844,
      "lastSuccess": 1759727922844
    },
    "plugins/jadwalsholat.js": {
      "total": 2,
      "success": 2,
      "last": 1759554277971,
      "lastSuccess": 1759554277971
    },
    "plugins/plugins.js": {
      "total": 3,
      "success": 3,
      "last": 1760276946118,
      "lastSuccess": 1760276946118
    },
    "plugins/search-lirik.mjs": {
      "total": 6,
      "success": 6,
      "last": 1759587215514,
      "lastSuccess": 1759587215514
    },
    "plugins/lirik.mjs": {
      "total": 6,
      "success": 6,
      "last": 1760285507685,
      "lastSuccess": 1760285507685
    },
    "plugins/cloudflareai-ai.mjs": {
      "total": 2,
      "success": 2,
      "last": 1759589264036,
      "lastSuccess": 1759589264036
    },
    "plugins/afk-info.js": {
      "total": 6,
      "success": 6,
      "last": 1760278767759,
      "lastSuccess": 1760278767759
    },
    "plugins/tools-rvo.mjs": {
      "total": 3,
      "success": 3,
      "last": 1760278877745,
      "lastSuccess": 1760278877745
    },
    "plugins/ocr-tools.mjs": {
      "total": 3,
      "success": 1,
      "last": 1759590227053,
      "lastSuccess": 1759590227053
    },
    "plugins/tomp3.js": {
      "total": 6,
      "success": 6,
      "last": 1759737468424,
      "lastSuccess": 1759737468424
    },
    "plugins/enc.js": {
      "total": 4,
      "success": 4,
      "last": 1759715823745,
      "lastSuccess": 1759715823745
    },
    "plugins/cek-valid.js": {
      "total": 4,
      "success": 4,
      "last": 1759664176147,
      "lastSuccess": 1759664176147
    },
    "plugins/valid.js": {
      "total": 7,
      "success": 7,
      "last": 1759667995212,
      "lastSuccess": 1759667995212
    },
    "plugins/ceknomor.js": {
      "total": 3,
      "success": 3,
      "last": 1759665400385,
      "lastSuccess": 1759665400385
    },
    "plugins/cekvalid.mjs": {
      "total": 8,
      "success": 8,
      "last": 1759679450648,
      "lastSuccess": 1759679450648
    },
    "plugins/cekvalid.js": {
      "total": 3,
      "success": 3,
      "last": 1759667673507,
      "lastSuccess": 1759667673507
    },
    "plugins/ssweb.js": {
      "total": 5,
      "success": 5,
      "last": 1759716891163,
      "lastSuccess": 1759716891163
    },
    "plugins/Csc-Get.mjs": {
      "total": 2,
      "success": 0,
      "last": 1759716323398,
      "lastSuccess": 0
    },
    "plugins/self-owner.js": {
      "total": 3,
      "success": 3,
      "last": 1759717842880,
      "lastSuccess": 1759717842880
    },
    "plugins/ptv.mjs": {
      "total": 15,
      "success": 15,
      "last": 1760321621188,
      "lastSuccess": 1760321621188
    },
    "plugins/kick-group.js": {
      "total": 2,
      "success": 2,
      "last": 1759725033308,
      "lastSuccess": 1759725033308
    },
    "plugins/igdl.mjs": {
      "total": 3,
      "success": 3,
      "last": 1760269653428,
      "lastSuccess": 1760269653428
    },
    "plugins/mute-group.mjs": {
      "total": 2,
      "success": 2,
      "last": 1759727140199,
      "lastSuccess": 1759727140199
    },
    "plugins/ping-run.js": {
      "total": 8,
      "success": 8,
      "last": 1760283713135,
      "lastSuccess": 1760283713135
    },
    "plugins/pricelist.js": {
      "total": 3,
      "success": 3,
      "last": 1759731283164,
      "lastSuccess": 1759731283164
    },
    "plugins/metode.js": {
      "total": 3,
      "success": 3,
      "last": 1759731277888,
      "lastSuccess": 1759731277888
    },
    "plugins/buynokos.mjs": {
      "total": 4,
      "success": 4,
      "last": 1759732869732,
      "lastSuccess": 1759732869732
    },
    "plugins/topchat.mjs": {
      "total": 4,
      "success": 4,
      "last": 1759732603843,
      "lastSuccess": 1759732603843
    },
    "plugins/sticker-sticker.js": {
      "total": 7,
      "success": 7,
      "last": 1760278188657,
      "lastSuccess": 1760278188657
    },
    "plugins/tovn.js": {
      "total": 5,
      "success": 5,
      "last": 1760282915450,
      "lastSuccess": 1760282915450
    },
    "plugins/ai-story.mjs": {
      "total": 4,
      "success": 4,
      "last": 1760274730025,
      "lastSuccess": 1760274730025
    },
    "plugins/togmbar.mjs": {
      "total": 4,
      "success": 4,
      "last": 1760278875854,
      "lastSuccess": 1760278875854
    },
    "plugins/getpp.js": {
      "total": 3,
      "success": 3,
      "last": 1760283112477,
      "lastSuccess": 1760283112477
    },
    "plugins/ping.mjs": {
      "total": 3,
      "success": 3,
      "last": 1760283726895,
      "lastSuccess": 1760283726895
    },
    "plugins/pingg.mjs": {
      "total": 6,
      "success": 6,
      "last": 1760321552976,
      "lastSuccess": 1760321552976
    },
    "plugins/veo3.mjs": {
      "total": 3,
      "success": 3,
      "last": 1760286119177,
      "lastSuccess": 1760286119177
    },
    "plugins/anime.mjs": {
      "total": 2,
      "success": 2,
      "last": 1760286664345,
      "lastSuccess": 1760286664345
    },
    "plugins/ncs.mjs": {
      "total": 3,
      "success": 3,
      "last": 1760318068800,
      "lastSuccess": 1760318068800
    },
    "plugins/ncs-sound.mjs": {
      "total": 2,
      "success": 2,
      "last": 1760318297714,
      "lastSuccess": 1760318297714
    },
    "plugins/encs.mjs": {
      "total": 3,
      "success": 3,
      "last": 1760318369148,
      "lastSuccess": 1760318369148
    }
  },
  "msgs": {},
  "sticker": {},
  "settings": {
    "6285691811105@s.whatsapp.net": {
      "self": false,
      "autoread": false,
      "resetlimit": "19:37",
      "restrict": true,
      "onlygrup": false,
      "autorestart": true,
      "restartDB": 0,
      "status": 0,
      "anticall": true,
      "clear": true,
      "clearTime": 0,
      "freply": true
    },
    "62895323195263@s.whatsapp.net": {
      "self": false,
      "autoread": false,
      "resetlimit": "08:56",
      "restrict": true,
      "onlygrup": false,
      "autorestart": true,
      "restartDB": 0,
      "status": 0,
      "anticall": true,
      "clear": true,
      "clearTime": 0,
      "freply": true
    }
  },
  "respon": {}
}